Especie,Familia,Nombre.común.en.español,Parte.utilizada.principal,Categoría.de.uso,Tipo.de.manejo,Importancia.de.la.polinización,Superficie.sembrada,Superficie.cosechada,Volumen.de.produccion,Valor.de.produccion,Rendimiento,Precio.medio.rural,Valor.de.exportación,Valor.del.polinizador,Valor.de.producción.por.área,Tasa.de.cambio.por.cambio.climático,Superficie.cosechada.esperada.por.cambio.climático
Abelmoschus esculentus,Malvaceae,"Okra, angu, gombo",F,V,G,DD,"2,405","2,394","18,447","169,855,841",7.71,"9,207.66",- -,"5,095,675","70,964",- -,- -
Acanthocereus pentagonus,Cactaceae,Nopal de cruz,F,V,M,DD,- -,- -,- -,- -,- -,- -,- -,- -,- -,- -,- -
Acanthocereus subinermis,Cactaceae,Nopal cruceta,F,V,M,DD,- -,- -,- -,- -,- -,- -,- -,- -,- -,- -,- -
Actinidia chinensis,Actinidiaceae,Kiwi,F,F,M,DD,- -,- -,- -,- -,- -,- -,- -,- -,- -,- -,- -
Agave aktites,Agavaceae,Maguey,T,B,M,IN,- -,- -,- -,- -,- -,- -,- -,- -,- -,- -,- -
Agave americana,Agavaceae,Maguey pulquero,T,B,G,IN,"9,150","2,933","250,810","915,784,233",85.52,"3,651.31",- -,- -,"312,260",-33.70,"3,697"
Agave atrovirens,Agavaceae,Maguey,T,B,M,IN,- -,- -,- -,- -,- -,- -,- -,- -,- -,-47.90,- -
Agave bovicornuta,Agavaceae,Sapari,T,B,M,IN,- -,- -,- -,- -,- -,- -,- -,- -,- -,24.27,- -
Agave cerulata,Agavaceae,Maguey,T,B,M,IN,- -,- -,- -,- -,- -,- -,- -,- -,- -,-48.47,- -
Agave deserti,Agavaceae,A-mul,T,B,M,IN,- -,- -,- -,- -,- -,- -,- -,- -,- -,- -,- -
Agave durangensis,Agavaceae,Maguey,T,B,M,IN,- -,- -,- -,- -,- -,- -,- -,- -,- -,- -,- -
Agave fortiflora,Agavaceae,Lechuguilla,T,B,M,IN,- -,- -,- -,- -,- -,- -,- -,- -,- -,- -,- -
Agave hookeri,Agavaceae,Maguey,T,B,M,IN,- -,- -,- -,- -,- -,- -,- -,- -,- -,- -,- -
Agave jaiboli,Agavaceae,"Jaiboli, temeshi",T,B,M,IN,- -,- -,- -,- -,- -,- -,- -,- -,- -,- -,- -
Agave kerchovei,Agavaceae,Rabo de leon,T,B,M,IN,- -,- -,- -,- -,- -,- -,- -,- -,- -,-62.19,- -
Agave macroculmis,Agavaceae,Maguey,T,B,M,IN,- -,- -,- -,- -,- -,- -,- -,- -,- -,-48.68,- -
Agave mapisaga,Agavaceae,Maguey,T,B,M,IN,- -,- -,- -,- -,- -,- -,- -,- -,- -,- -,- -
Agave moranii,Agavaceae,Maguey,T,B,M,IN,- -,- -,- -,- -,- -,- -,- -,- -,- -,- -,- -
Agave palmeri,Agavaceae,"Lechuguilla, bacanora",T,B,M,IN,- -,- -,- -,- -,- -,- -,- -,- -,- -,- -,- -
Agave parviflora,Agavaceae,"Tauta, sobali",T,B,M,IN,- -,- -,- -,- -,- -,- -,- -,- -,- -,- -,- -
Agave pelona,Agavaceae,Mezcal pelon,T,B,M,IN,- -,- -,- -,- -,- -,- -,- -,- -,- -,- -,- -
Agave polianthiflora,Agavaceae,"Taihcholi, mescalitos",T,B,M,IN,- -,- -,- -,- -,- -,- -,- -,- -,- -,1.57,- -
Agave potatorum,Agavaceae,Agave mezcalero,T,B,G,IN,"25,605","6,379","398,074","413,977,580",62.41,"1,039.95",- -,- -,"64,902",-49.42,"3,085"
Agave salmiana,Agavaceae,Maguey pulquero,T,B,M,IN,- -,- -,- -,- -,- -,- -,- -,- -,- -,-55.65,- -
Agave shrevei,Agavaceae,"Lechuguilla, ceniza",T,B,M,IN,- -,- -,- -,- -,- -,- -,- -,- -,- -,- -,- -
Agave sobria,Agavaceae,"Mezcal pardo, pardito",T,B,M,IN,- -,- -,- -,- -,- -,- -,- -,- -,- -,20.93,- -
Agave stricta,Agavaceae,Rabo de leon,T,B,M,IN,- -,- -,- -,- -,- -,- -,- -,- -,- -,- -,- -
Agave subsimplex,Agavaceae,Ahmmo,T,B,M,IN,- -,- -,- -,- -,- -,- -,- -,- -,- -,123.71,- -
Agave tequilana,Agavaceae,Agave tequilero,T,B,G,IN,"136,730","9,489","848,405","848,820,858",89.41,"1,000.49",- -,- -,"89,456",- -,- -
Agave weberi,Agavaceae,Maguey,T,B,M,IN,- -,- -,- -,- -,- -,- -,- -,- -,- -,- -,- -
Agave wocomahi,Agavaceae,Wocomahi,T,B,M,IN,- -,- -,- -,- -,- -,- -,- -,- -,- -,- -,- -
Allium ampeloprasum,Liliaceae,"Poro, puerro, porro",B,V,P,ID,144,144,"1,485","3,787,171",10.35,"2,549.73",- -,"3,764,959","26,391",- -,- -
Allium cepa,Liliaceae,Cebolla,B,V,G,ID,"45,126","44,836","1,266,165","5,294,013,687",28.24,"4,181.14",- -,- -,"118,076",15.03,"94,898"
Allium sativum,Liliaceae,Ajo,B,V,G,IN,"4,914","4,909","47,429","716,390,715",9.66,"15,104.47",- -,0,"145,931",- -,- -
Allium schoenoprasum,Liliaceae,"Chives, cebollín",H,V,G,IN,"6,545","6,380","87,149","953,810,603",11.37,"9,490.94",- -,0,"149,495",- -,- -
Amaranthus caudatus,Amaranthaceae,Amaranto,S,C,G,DN,"3,158","3,151","3,870","25,152,444",1.23,"6,499.34",- -,0,"7,982",-49.04,"3,733"
Amaranthus cruentus,Amaranthaceae,"Amaranto, alegria",S,C,M,DN,- -,- -,- -,- -,- -,- -,- -,- -,- -,-11.14,- -
Amaranthus hybridus,Amaranthaceae,"Quelite, quintonil",H,V,P,IN,105,105,"1,533","8,521,836",14.60,"5,560.02",- -,0,"81,160",-52.28,208
Amaranthus hypochondriacus,Amaranthaceae,"Amaranto, alegria",S,C,M,DN,- -,- -,- -,- -,- -,- -,- -,- -,- -,-28.73,- -
Anacardium occidentale,Anacardiaceae,"Marañón, nuez de India",S,N,G,DD,"1,559","1,559","4,406","18,112,140",2.83,"4,110.90",- -,"18,112,140","11,618",19.79,"4,874"
Ananas comosus,Bromeliaceae,Piña,F,F,G,IN,"31,871","16,605","701,740","1,973,666,614",42.26,"2,812.53",- -,0,"118,860",27.60,"42,510"
Anethum graveolens,Apiaceae,Eneldo,H,K,P,I?,3,3,4,"110,900",1.17,"31,685.71",- -,- -,"36,967",- -,- -
Annona cherimola,Annonaceae,Chirimoya,F,F,P,DD,153,92,475,"2,489,679",5.19,"5,243.31",- -,- -,"27,210",-25.46,0
Annona diversifolia,Annonaceae,"Anona blanca, llana",F,F,M,DD,- -,- -,- -,- -,- -,- -,- -,- -,- -,22.72,- -
Annona glabra,Annonaceae,Anona,F,F,M,DD,- -,- -,- -,- -,- -,- -,- -,- -,- -,-65.14,- -
Annona muricata,Annonaceae,Guanábana,F,F,G,DD,"2,341","2,231","17,796","79,634,090",7.98,"4,474.79",- -,"72,113,093","35,699",-13.90,"2,380"
Annona purpurea,Annonaceae,"Llamo, chincuyo",F,F,M,DD,- -,- -,- -,- -,- -,- -,- -,- -,- -,-72.04,- -
Annona reticulata,Annonaceae,"Anona, corazón",F,F,M,DD,- -,- -,- -,- -,- -,- -,- -,- -,- -,-49.86,- -
Annona squamosa,Annonaceae,"Anona, saramuyo",F,F,P,DD,85,85,676,"1,871,868",6.01,"2,091.97",- -,"1,871,868","22,152",-64.74,0
Apium graveolens,Apiaceae,Apio,H,V,P,I?,878,878,"18,863","87,897,691",21.49,"4,659.69",- -,- -,"100,111",-43.48,"1,465"
Arachis hypogaea,Fabaceae,Cacahuate,S,A,G,DD,"55,466","52,564","81,485","621,601,529",1.55,"7,628.42",- -,"51,800,127","11,826",-29.92,"13,333"
Artemisia dracunculus,Asteraceae,"Tarragón, estragón",H,K,P,I?,15,14,30,"378,000",2.14,"12,600.00",- -,- -,"27,000",- -,- -
Artocarpus heterophyllus,Moraceae,"Jaca, yaca",F,F,P,DD,660,558,"5,360","34,999,833",9.60,"6,529.47",- -,- -,"62,699",- -,- -
Asparagus officinalis,Liliaceae,Espárrago,T,V,G,ID,"13,240","12,858","74,660","2,411,942,702",5.81,"32,305.78",- -,- -,"187,590",-59.29,"12,542"
Avena sativa,Poaceae,Avena,S,C,G,DN,"68,258","66,756","111,127","313,649,292",1.67,"2,822.45",- -,0,"4,698",-65.91,"9,425"
Averrhoa carambola,Oxalidaceae,"Carambolo, carambola",F,F,P,DD,108,85,828,"5,577,469",9.80,"6,732.41",- -,"5,577,469","66,006",- -,- -
Backebergia militaris,Cactaceae,Gorro de granadero,F,F,M,D?,- -,- -,- -,- -,- -,- -,- -,- -,- -,65.81,- -
Beta vulgaris,Chenopodiaceae,Betabel,U,S,P,IN,849,846,"14,912","55,269,645",17.62,"3,706.34",- -,0,"65,302",-61.58,851
Beta vulgaris var. cicla,Chenopodiaceae,Acelga,H,V,P,IN,730,729,"7,702","28,593,056",10.57,"3,712.41",- -,0,"39,249",- -,- -
Bixa orellana,Bixaceae,Achiote,S,K,P,DD,504,501,452,"5,247,076",0.90,"11,601.64",- -,- -,"10,475",-61.54,770
Bomarea edulis,Amaryllidaceae,Coyolxochitl,R,R,M,I?,- -,- -,- -,- -,- -,- -,- -,- -,- -,-61.10,- -
Brassica chinensis,Brassicaceae,"Col, repollo",H,V,G,ID,"6,503","6,408","212,135","336,730,890",33.10,"1,587.34",- -,- -,"52,548",- -,- -
Brassica napus,Brassicaceae,"Colza, canola",S,A,G,DD,"9,049","6,138","7,544","39,261,042",1.23,"5,204.36",- -,"392,610","6,396",- -,- -
Brassica napus var. napobrassica,Brassicaceae,Colinabo,R,R,P,ID,3,3,45,"94,500",15.00,"2,100.00",- -,- -,"31,500",- -,- -
Brassica nigra,Brassicaceae,Mostaza de India,S,A,M,DD,- -,- -,- -,- -,- -,- -,- -,- -,- -,3.74,- -
Brassica oleracea var. botrytis,Brassicaceae,Coliflor,L,V,G,ID,"3,965","3,963","79,454","255,104,844",20.05,"3,210.73",- -,- -,"64,367",- -,- -
Brassica oleracea var. gemmifera,Brassicaceae,Col de Bruselas,L,V,P,I?,477,477,"9,667","72,093,900",20.29,"7,457.56",- -,- -,"151,299",- -,- -
Brassica oleracea var. italica,Brassicaceae,Brocoli,L,V,G,ID,"22,651","22,446","306,523","1,180,733,620",13.66,"3,852.02",- -,"1,144,617,062","52,603",- -,- -
Brassica rapa var. campestris,Brassicaceae,Canola,F,A,M,DD,- -,- -,- -,- -,- -,- -,- -,- -,- -,- -,- -
Brassica rapa var. cymosa,Brassicaceae,Rapini,H,V,P,ID,40,40,212,"2,529,796",5.30,"11,933.00",- -,- -,"63,245",- -,- -
Brassica rapa var. rapifera,Brassicaceae,"Nabo, nabo de campo",R,R,P,ID,99,99,"1,711","3,432,023",17.28,"2,005.80",- -,"2,230,815","34,667",- -,- -
Brosimum alicastrum,Moraceae,"Capomo, guaimaro, mojo",F,F,M,DN,- -,- -,- -,- -,- -,- -,- -,- -,- -,-69.75,- -
Byrsonima crassifolia,Malpighiaceae,Nanche,F,F,G,DD,"1,534","1,473","6,054","27,202,569",4.11,"4,493.29",- -,- -,"18,462",-65.92,898
Canavalia ensiformis,Fabaceae,"Frijol papa, haba blanca",S,L,M,DD,- -,- -,- -,- -,- -,- -,- -,- -,- -,- -,- -
Capsicum annuum,Solanaceae,"Chile morron, pimiento",F,V,G,DD,"119,520","115,621","1,433,791","9,943,764,934",26.16,"20,915.04",- -,"497,188,247","86,003",-25.61,"246,776"
Capsicum chinense,Solanaceae,Chile habanero,F,V,P,DD,766,527,"8,601","183,707,837",43.09,"22,515.86",- -,- -,"348,790",- -,- -
Capsicum frutescens,Solanaceae,"Chile verde, tabasco",F,V,G,DD,"5,895","5,314","93,715","1,007,724,764",31.00,"27,639.56",- -,"50,386,238","189,624",-53.21,0
Capsicum pubescens,Solanaceae,Chile verde perón,F,V,P,DD,228,226,905,"7,272,620",8.46,"5,592.09",- -,- -,"32,180",- -,- -
Carica papaya,Caricaceae,Papaya,F,F,G,DD,"16,228","14,181","616,215","2,617,933,163",43.46,"4,248.41","587,035,315","130,896,658","184,614",-81.61,"4,332"
Carthamus tinctorius,Asteraceae,"Cártamo, alazor",S,A,G,DD,"100,821","83,949","97,078","421,701,646",1.16,"4,343.94",- -,"257,238,004","5,023",1.34,0
Carya illinoensis,Juglandaceae,Nuez encarcelada,S,N,G,D?,"87,579","69,082","75,347","4,063,104,105",1.09,"53,924.97",- -,- -,"58,816",- -,- -
Casimiroa edulis,Rutaceae,Zapote blanco,F,F,P,DD,3,3,14,"73,006",5.51,"5,297.97",- -,- -,"29,202",-39.17,0
Casimiroa sapota,Rutaceae,Zapote blanco,F,F,M,D?,- -,- -,- -,- -,- -,- -,- -,- -,- -,-16.22,- -
Casimiroa tetrameria,Rutaceae,Matasano,F,F,M,D?,- -,- -,- -,- -,- -,- -,- -,- -,- -,-86.17,- -
Cephalocereus apicicephalium,Cactaceae,"Cardón viejo, nanabuela",F,F,M,D?,- -,- -,- -,- -,- -,- -,- -,- -,- -,-2.43,- -
Cephalocereus chrysacanthus,Cactaceae,.,F,F,M,D?,- -,- -,- -,- -,- -,- -,- -,- -,- -,- -,- -
Cephalocereus collinsii,Cactaceae,.,F,F,M,D?,- -,- -,- -,- -,- -,- -,- -,- -,- -,- -,- -
Cephalocereus columna-trajani,Cactaceae,Viejito,F,F,M,D?,- -,- -,- -,- -,- -,- -,- -,- -,- -,180.06,- -
Cephalocereus guerreronis,Cactaceae,.,F,F,M,D?,- -,- -,- -,- -,- -,- -,- -,- -,- -,- -,- -
Cephalocereus nizandensis,Cactaceae,.,F,F,M,D?,- -,- -,- -,- -,- -,- -,- -,- -,- -,- -,- -
Cephalocereus palmeri,Cactaceae,.,F,F,M,D?,- -,- -,- -,- -,- -,- -,- -,- -,- -,- -,- -
Cephalocereus purpusii,Cactaceae,.,F,F,M,D?,- -,- -,- -,- -,- -,- -,- -,- -,- -,- -,- -
Cephalocereus quadricentralis,Cactaceae,.,F,F,M,D?,- -,- -,- -,- -,- -,- -,- -,- -,- -,- -,- -
Cephalocereus totolapensis,Cactaceae,.,F,F,M,D?,- -,- -,- -,- -,- -,- -,- -,- -,- -,- -,- -
Chamaedorea tepejilote,Arecaceae,"Tepejilote, caña verde",L,V,M,IN,- -,- -,- -,- -,- -,- -,- -,- -,- -,-83.97,- -
Chamaedorea wendlandiana,Arecaceae,Pacaya,L,V,M,I?,- -,- -,- -,- -,- -,- -,- -,- -,- -,- -,- -
Chenopodium ambrosioides,Chenopodiaceae,Epazote,H,V,P,IN,163,163,"1,606","3,156,367",9.86,"1,964.97",- -,0,"19,364",-27.47,256
Chenopodium berlandieri,Chenopodiaceae,Huauzontle,H,V,P,IN,304,304,"3,568","7,376,493",11.74,"2,067.23",- -,0,"24,265",-43.03,173
Chenopodium quinoa,Chenopodiaceae,"Jiura, kiuna, quinhua",S,C,M,DN,- -,- -,- -,- -,- -,- -,- -,- -,- -,- -,- -
Chrysophyllum cainito,Sapotaceae,Caimito,F,F,P,DD,27,27,143,"404,682",5.31,"2,821.85",- -,- -,"14,988",28.44,0
Cicer arietinum,Fabaceae,"Garbanzo, gravancos",S,L,G,DN,"98,295","89,196","131,895","1,036,365,042",1.48,"7,857.51",- -,0,"11,619",16.46,"157,633"
Cinnamomum verum,Lauraceae,Canela,T,K,M,I?,- -,- -,- -,- -,- -,- -,- -,- -,- -,-57.22,- -
Citrullus lanatus,Cucurbitaceae,Sandía,F,V,G,DD,"47,338","44,040","1,036,795","2,675,757,512",23.54,"2,580.80",- -,"2,675,757,512","60,757",55.36,"104,459"
Citrus paradisi,Rutaceae,"Toronja, pomelo",F,F,G,DD,"18,520","17,577","400,934","538,669,701",22.81,"1,343.54","172,163,992","26,933,485","30,647",- -,- -
Citrus reticulata,Rutaceae,Mandarina,F,F,G,DD,"19,012","18,721","213,507","235,695,312",11.41,"1,103.92",- -,"11,784,766","12,590",-19.22,"18,646"
Citrus sinensis,Rutaceae,Naranja,F,F,G,DD,"339,389","334,573","4,051,632","4,876,987,940",12.11,"1,203.71","96,456,319","243,849,397","14,577",18.47,"811,766"
Citrus x aurantifolia (lima),Rutaceae,"Lima, limero",F,F,G,DD,"1,372","1,321","13,573","31,461,458",10.27,"2,318.00","3,052,787,949","1,573,073","23,812",- -,- -
Citrus x aurantifolia (limón agrio),Rutaceae,Limón agrio,F,F,G,DD,"84,420","79,170","1,039,056","3,202,194,680",13.12,"3,081.83",- -,"160,109,734","40,447",- -,- -
Citrus x latifolia,Rutaceae,Limón persa,F,F,G,DD,"64,503","60,282","766,831","2,115,891,399",12.72,"2,759.27",- -,- -,"35,100",- -,- -
Citrus x limon,Rutaceae,"Limón real, limón amarillo",F,F,P,DD,1,1,3,"7,560",6.30,"2,400.00",- -,378,"15,120",- -,- -
Citrus x tangelo,Rutaceae,Tangelo,F,F,G,DD,- -,- -,- -,- -,- -,- -,- -,- -,- -,- -,- -
Cnidoscolus aconitifolius,Euphorbiaceae,Chaya,H,V,M,I?,- -,- -,- -,- -,- -,- -,- -,- -,- -,-54.47,- -
Cocos nucifera,Arecaceae,Coco,S,A,G,DD,"13,643","13,315","106,881","243,279,736",8.03,"2,276.18",- -,"60,819,934","18,272",21.88,0
Coffea arabica,Rubiaceae,Café cereza,S,E,G,DD,"781,016","741,411","1,332,263","5,727,519,072",1.80,"4,299.09",- -,"4,414,962,618","7,725",-67.67,"376,619"
Coffea canephora,Rubiaceae,Café robusta,S,E,M,DD,- -,- -,- -,- -,- -,- -,- -,- -,- -,- -,- -
Coriandrum sativum,Apiaceae,Cilantro,S,V,G,DD,"5,426","5,325","45,874","159,380,126",8.62,"3,474.32",- -,"103,597,082","29,930",-27.74,"9,334"
Coryphantha radians,Cactaceae,Biznaga,T,V,M,I?,- -,- -,- -,- -,- -,- -,- -,- -,- -,-72.98,- -
Crataegus pubescens,Rosaceae,Tejocote,F,F,P,DD,673,669,"4,230","6,361,832",6.32,"1,504.13",- -,- -,"9,503",- -,- -
Crotalaria longirostrata,Fabaceae,Chipile,H,V,M,I?,- -,- -,- -,- -,- -,- -,- -,- -,- -,- -,- -
Cucumis melo,Cucurbitaceae,Melón,F,V,G,DD,"23,639","21,410","561,678","1,844,315,217",26.23,"3,283.58","493,114,467","1,844,315,217","86,143",51.26,"16,962"
Cucumis sativus,Cucurbitaceae,Pepino,F,V,G,DD,"16,518","15,653","477,366","2,010,132,330",30.50,"4,210.88",- -,"1,148,647,046","128,417",108.76,"54,484"
Cucurbita argyrosperma,Cucurbitaceae,"Calabaza, pipián",F,V,M,DD,- -,- -,- -,- -,- -,- -,- -,- -,- -,-13.32,- -
Cucurbita ficifolia,Cucurbitaceae,"Chilacayote, calabaza",F,V,P,DD,185,185,"2,312","11,771,264",12.50,"5,091.11",- -,- -,"63,628",-47.17,366
Cucurbita maxima,Cucurbitaceae,Calabaza,F,V,G,DD,"5,308","5,098","77,832","241,237,224",15.27,"3,099.44",- -,"229,175,363","47,317",- -,- -
Cucurbita moschata,Cucurbitaceae,Calabaza amarilla,F,V,M,DD,- -,- -,- -,- -,- -,- -,- -,- -,- -,27.77,- -
Cucurbita pepo,Cucurbitaceae,"Calabacita, calabacín",F,V,G,DD,"27,470","27,002","444,521","1,835,968,936",16.46,"4,130.22",- -,"1,744,170,490","67,993",-24.23,"41,752"
Cuminum cyminum,Apiaceae,Comino,S,K,P,DD,152,152,124,"3,340,000",0.82,"26,935.48",- -,"2,171,000","21,974",- -,- -
Cydonia oblonga,Rosaceae,Membrillo,F,F,P,DD,741,718,"5,797","34,325,479",8.07,"5,921.76",- -,- -,"47,807",-33.30,0
Cymbopogon citratus,Poaceae,Te limón,H,B,P,I?,74,74,771,"2,437,242",10.49,"3,161.39",- -,- -,"33,160",- -,- -
Cynara scolymus,Asteraceae,Alcachofa,L,V,P,ID,137,133,"1,626","10,528,800",12.23,"6,475.28",- -,- -,"79,164",- -,- -
Daucus carota,Apiaceae,Zanahoria,R,V,G,ID,"14,049","14,030","346,466","868,096,962",24.69,"2,505.58",- -,"711,815,090","61,873",-51.88,"16,132"
Dioscorea spp.,Dioscoreaceae,"Barbasco, yam",R,R,M,ID,- -,- -,- -,- -,- -,- -,- -,- -,- -,- -,- -
Diospyros digyna,Ebenaceae,Zapote negro,F,F,P,DD,149,133,563,"1,609,328",4.25,"2,858.94",- -,- -,"12,146",-70.57,0
Diospyros kaki,Ebenaceae,Persimonio,F,F,P,DD,38,38,363,"3,815,673",9.54,"10,525.99",- -,"190,784","100,412",- -,- -
Echinocactus cinerascens,Cactaceae,Biznaga,F,F,M,D?,- -,- -,- -,- -,- -,- -,- -,- -,- -,- -,- -
Echinocactus platyacanthus,Cactaceae,Biznaga,T,V,M,I?,- -,- -,- -,- -,- -,- -,- -,- -,- -,38.10,- -
Echinocactus pulchellus,Cactaceae,.,T,V,M,I?,- -,- -,- -,- -,- -,- -,- -,- -,- -,- -,- -
Elaeis guineensis,Arecaceae,Palma africana,S,A,G,DD,"49,582","31,804","438,172","672,867,161",13.78,"1,535.62",- -,"312,054,336","21,157",- -,- -
Elettaria cardamomum,Zingiberacea,Cardamomo,S,K,M,DD,- -,- -,- -,- -,- -,- -,- -,- -,- -,- -,- -
Eriobotrya japonica,Rosaceae,Níspero,F,F,P,DD,63,55,268,"1,090,759",4.87,"4,073.34",- -,"708,993","19,832",-48.13,0
Escontria chiotilla,Cactaceae,Jiotilla,F,F,M,D?,- -,- -,- -,- -,- -,- -,- -,- -,- -,72.15,- -
Ferocactus haematacanthus,Cactaceae,Biznaga,F,F,M,D?,- -,- -,- -,- -,- -,- -,- -,- -,- -,- -,- -
Ferocactus histrix,Cactaceae,Biznaga,F,F,M,D?,- -,- -,- -,- -,- -,- -,- -,- -,- -,20.35,- -
Ferocactus latispinus,Cactaceae,Biznaga,F,F,M,D?,- -,- -,- -,- -,- -,- -,- -,- -,- -,-67.81,- -
Ferocactus macrodiscus,Cactaceae,Biznaga,F,F,M,D?,- -,- -,- -,- -,- -,- -,- -,- -,- -,- -,- -
Ferocactus recurvus,Cactaceae,Biznaga,T,V,M,I?,- -,- -,- -,- -,- -,- -,- -,- -,- -,- -,- -
Ficus carica,Moraceae,Higo,F,F,P,DD,"1,201",826,"3,640","35,544,436",4.41,"9,764.15",- -,"8,886,109","43,009",-57.83,0
Fragaria vesca,Rosaceae,Fresa,F,F,G,DD,"6,555","6,282","226,657","2,102,677,918",36.08,"9,276.90","3,431,241,195","788,504,219","334,720",-70.71,"2,928"
Glycine max,Fabaceae,Soya,S,A,G,DD,"165,011","153,473","167,666","918,061,514",1.09,"5,475.55",- -,"585,996,711","5,982",- -,- -
Helianthus annuus,Asteraceae,Girasol,S,A,G,DD,"2,043","1,879","3,797","17,869,890",2.02,"4,706.08",- -,"11,900,464","9,512",28.85,0
Heliocereus cinnabarinus,Cactaceae,Cacto,F,F,M,D?,- -,- -,- -,- -,- -,- -,- -,- -,- -,-55.32,- -
Heliocereus elegantissimus,Cactaceae,Pitaya,F,F,M,DD,- -,- -,- -,- -,- -,- -,- -,- -,- -,-74.42,- -
Hibiscus sabdariffa,Malvaceae,Jamaica,L,B,G,I?,"19,021","19,021","5,469","119,316,583",0.29,"21,815.85",- -,- -,"6,273",- -,- -
Hordeum vulgare,Poaceae,Cebada,S,C,G,DN,"308,998","267,668","672,367","2,094,884,921",2.51,"3,115.69","1,582,537",0,"7,826",-73.67,"83,636"
Hylocereus ocamponis,Cactaceae,Pitahaya roja,F,F,M,D?,- -,- -,- -,- -,- -,- -,- -,- -,- -,- -,- -
Hylocereus purpusii,Cactaceae,.,F,F,M,D?,- -,- -,- -,- -,- -,- -,- -,- -,- -,- -,- -
Hylocereus stenopterus,Cactaceae,Pitahaya,F,F,M,D?,- -,- -,- -,- -,- -,- -,- -,- -,- -,- -,- -
Hylocereus undatus,Cactaceae,Pitahaya,F,F,P,D?,518,363,"1,691","14,143,243",4.66,"8,363.44",- -,- -,"38,992",-46.20,763
Hyptis suaveolens,Lamiaceae,Chan,S,C,M,DD,- -,- -,- -,- -,- -,- -,- -,- -,- -,-39.11,- -
Ipomoea batatas,Convolvulaceae,Camote,R,R,G,ID,"2,489","2,471","51,064","161,854,709",20.66,"3,169.66",- -,- -,"65,490",27.57,"3,128"
Juglans regia,Juglandaceae,"Nuez de castilla, nuez",S,N,P,DN,433,425,"1,185","52,324,937",2.79,"44,149.36",- -,- -,"123,117",- -,- -
Lactuca sativa,Asteraceae,Lechuga,H,V,G,IN,"16,458","16,416","340,976","928,662,681",20.77,"2,723.54",- -,0,"56,571",-26.89,"21,907"
Lecythis usitata,Lecythidaceae,Olleto,S,A,P,DD,875,875,"58,480","19,472,214",66.83,332.97,- -,- -,"22,254",- -,- -
Lens culinaris,Fabaceae,Lenteja,S,L,G,DN,"8,093","3,889","2,712","13,895,834",0.70,"5,123.25",- -,0,"3,573",- -,- -
Leucaena collinsii,Fabaceae,"Chalip, guaje",F,L,M,DD,- -,- -,- -,- -,- -,- -,- -,- -,- -,-30.90,- -
Leucaena diversifolia,Fabaceae,Leucaena de montaña,F,L,M,DD,- -,- -,- -,- -,- -,- -,- -,- -,- -,-35.63,- -
Leucaena esculenta,Fabaceae,Guaje rojo,F,L,M,DD,- -,- -,- -,- -,- -,- -,- -,- -,- -,-9.33,- -
Leucaena leucocephala,Fabaceae,Guaje (verdura),F,L,P,DD,30,30,568,"3,376,043",19.10,"5,942.38",- -,- -,"113,480",32.77,26
Linum usitatissimum,Linaceae,"Linaza, lino",S,A,P,DD,- -,- -,- -,- -,- -,- -,- -,- -,- -,-72.39,- -
Litchi chinensis,Sapindaceae,Litchi,F,F,G,DD,"4,008","3,904","22,549","328,623,415",5.78,"14,573.74",- -,"16,431,171","84,176",- -,- -
Lycopersicon esculentum,Solanaceae,"Tomate rojo, jitomate",F,V,G,DD,"54,511","52,089","2,277,791","14,887,127,575",43.73,"6,535.77",- -,"5,380,889,485","285,804",30.21,"73,687"
Macadamia ternifolia,Proteaceae,Macadamia,S,F,G,DD,"1,292","1,139","2,122","38,221,600",1.86,"18,013.51",- -,"33,635,008","33,557",- -,- -
Malus domestica,Rosaceae,"Manzana, perón",F,F,G,DD,"61,220","57,743","584,655","3,253,065,865",10.13,"5,564.08","6,705,588","2,292,636,895","56,337",- -,- -
Mammea americana,Clusiaceae,Mamey amarillo,F,F,M,DD,- -,- -,- -,- -,- -,- -,- -,- -,- -,-32.55,- -
Mammillaria carnea,Cactaceae,Biznaga,F,F,M,D?,- -,- -,- -,- -,- -,- -,- -,- -,- -,- -,- -
Mammillaria discolor,Cactaceae,Biznaga,T,V,M,I?,- -,- -,- -,- -,- -,- -,- -,- -,- -,- -,- -
Mammillaria haageana,Cactaceae,Biznaga,T,V,M,I?,- -,- -,- -,- -,- -,- -,- -,- -,- -,- -,- -
Mammillaria magnimamma,Cactaceae,Biznaga de chilitos,F,F,M,D?,- -,- -,- -,- -,- -,- -,- -,- -,- -,- -,- -
Mangifera indica,Anacardiaceae,Mango,F,F,G,DD,"183,108","174,970","1,632,649","4,347,697,774",9.33,"2,662.97","2,032,915,559","2,826,003,553","24,848",-20.97,"269,427"
Manihot esculenta,Euphorbiaceae,Yuca,R,R,G,ID,"1,555","1,425","18,750","54,336,848",13.16,"2,897.97",- -,- -,"38,145",4.77,"3,214"
Manilkara zapota,Sapotaceae,"Zapote chico, chicozapote",F,F,G,DD,"2,166","2,099","17,400","55,613,572",8.29,"3,196.21",- -,- -,"26,496",-83.88,516
Maranta arundinacea,Marantaceae,"Yuquilla, maranta",R,R,M,ID,- -,- -,- -,- -,- -,- -,- -,- -,- -,-39.99,- -
Marginatocereus marginatus,Cactaceae,"Organo, malinche",F,F,M,DD,- -,- -,- -,- -,- -,- -,- -,- -,- -,- -,- -
Matricaria chamomilla,Asteraceae,Manzanilla,L,B,P,I?,866,866,"1,505","11,840,676",1.74,"7,867.45",- -,- -,"13,673",-58.44,707
Melocactus curvispinus,Cactaceae,Cardón,T,V,M,ID,- -,- -,- -,- -,- -,- -,- -,- -,- -,- -,- -
Melocactus ruestii,Cactaceae,.,T,V,M,I?,- -,- -,- -,- -,- -,- -,- -,- -,- -,- -,- -
Mentha spicata,Lamiaceae,"Hierbabuena, yerbabuena",H,K,P,ID,30,30,288,"1,196,128",9.78,"4,146.74",- -,- -,"40,547",-63.95,0
Mentha x piperita,Lamiaceae,Menta,H,K,P,IN,14,14,43,"799,677",3.12,"18,649.18",- -,0,"58,158",- -,- -
Mitrocereus fulviceps,Cactaceae,.,F,F,M,D?,- -,- -,- -,- -,- -,- -,- -,- -,- -,-3.43,- -
Morinda citrifolia,Rubiaceae,"Noni, aal, fruta del diablo",F,F,P,D?,47,42,318,"1,937,415",7.58,"6,085.80",- -,- -,"46,129",- -,- -
Musa balbisiana,Musaceae,Plátano macho,F,F,G,IN,"19,103","18,616","343,367","867,577,543",18.44,"2,526.68",- -,0,"46,603",- -,- -
Musa x paradisiaca,Musaceae,Plátano,F,F,G,IN,"28,248","27,858","488,390","1,004,940,184",16.64,"2,273.39","878,096,560",0,"36,074",-63.62,"10,699"
Myrceugenella apiculata,Myrtaceae,Arrayán,S,F,P,DD,15,15,50,"246,250",3.30,"4,974.75",- -,- -,"16,417",- -,- -
Myrtillocactus geometrizans,Cactaceae,Garambullo,F,F,M,D?,- -,- -,- -,- -,- -,- -,- -,- -,- -,38.33,- -
Myrtillocactus schenckii,Cactaceae,.,F,F,M,DD,- -,- -,- -,- -,- -,- -,- -,- -,- -,21.53,- -
Nasturtium officinale,Brassicaceae,Berro,H,V,P,IN,15,15,66,"168,000",4.40,"2,545.45",- -,0,"11,200",-38.80,- -
Neobuxbaumia macrocephala,Cactaceae,Cardón,F,F,M,DD,- -,- -,- -,- -,- -,- -,- -,- -,- -,- -,- -
Neobuxbaumia mezcalaensis,Cactaceae,Tetecho,F,F,M,DD,- -,- -,- -,- -,- -,- -,- -,- -,- -,31.01,- -
Neobuxbaumia multiareolata,Cactaceae,.,F,F,M,D?,- -,- -,- -,- -,- -,- -,- -,- -,- -,- -,- -
Neobuxbaumia scoparia,Cactaceae,.,F,F,M,D?,- -,- -,- -,- -,- -,- -,- -,- -,- -,- -,- -
Neobuxbaumia tetetzo,Cactaceae,.,F,F,M,D?,- -,- -,- -,- -,- -,- -,- -,- -,- -,45.23,- -
Nephelium lappaceum,Sapindaceae,Rambután,F,F,P,DD,167,137,"1,341","15,124,909",9.82,"11,280.60",- -,"13,185,818","110,805",- -,- -
Nopalea auberi,Cactaceae,Nopal,T,V,M,I?,- -,- -,- -,- -,- -,- -,- -,- -,- -,- -,- -
Nopalea cochenillifera,Cactaceae,Nopal,T,V,M,I?,- -,- -,- -,- -,- -,- -,- -,- -,- -,-27.13,- -
Nopalea dejecta,Cactaceae,Nopal,T,V,M,I?,- -,- -,- -,- -,- -,- -,- -,- -,- -,- -,- -
Nopalea escuintlensis,Cactaceae,Nopal,F,F,M,D?,- -,- -,- -,- -,- -,- -,- -,- -,- -,- -,- -
Nopalea lutea,Cactaceae,.,F,F,M,D?,- -,- -,- -,- -,- -,- -,- -,- -,- -,- -,- -
Nopalxochia phyllantoides,Cactaceae,Nopalxochia,F,F,M,DD,- -,- -,- -,- -,- -,- -,- -,- -,- -,- -,- -
Ocimum basilicum,Lamiaceae,Albahaca,H,V,P,I?,453,449,"3,723","45,650,998",8.29,"12,260.40",- -,- -,"101,589",-32.97,965
Olea europaea,Olecaceae,Aceituna,F,A,G,DN,"8,929","6,818","27,209","187,323,996",3.99,"6,884.55",- -,0,"27,477",- -,- -
Opuntia (nopalitos),Cactaceae,Nopalitos,T,F,G,ID,"12,473","12,201","723,815","1,671,212,699",59.32,"2,308.89",- -,- -,"136,972",- -,- -
Opuntia amyclaea,Cactaceae,Nopal,F,F,M,DD,- -,- -,- -,- -,- -,- -,- -,- -,- -,- -,- -
Opuntia atropes,Cactaceae,Nopal,F,F,M,D?,- -,- -,- -,- -,- -,- -,- -,- -,- -,-42.98,- -
Opuntia bensonii,Cactaceae,Nopal,F,F,M,D?,- -,- -,- -,- -,- -,- -,- -,- -,- -,- -,- -
Opuntia crassa,Cactaceae,Nopal,F,F,M,D?,- -,- -,- -,- -,- -,- -,- -,- -,- -,- -,- -
Opuntia decumbens,Cactaceae,Nopal,T,V,M,I?,- -,- -,- -,- -,- -,- -,- -,- -,- -,- -,- -
Opuntia ficus-indica,Cactaceae,"Tuna, nochtli",F,F,G,DD,"55,905","49,283","415,086","1,139,139,530",8.42,"2,744.34",- -,"284,784,882","23,114",- -,- -
Opuntia fuliginosa,Cactaceae,.,F,F,M,D?,- -,- -,- -,- -,- -,- -,- -,- -,- -,- -,- -
Opuntia huajuapensis,Cactaceae,.,F,F,M,D?,- -,- -,- -,- -,- -,- -,- -,- -,- -,- -,- -
Opuntia hyptiacantha,Cactaceae,Nopal Cascarón,F,F,M,D?,- -,- -,- -,- -,- -,- -,- -,- -,- -,-67.69,- -
Opuntia imbricata,Cactaceae,.,F,F,M,DD,- -,- -,- -,- -,- -,- -,- -,- -,- -,-38.46,- -
Opuntia jaliscana,Cactaceae,.,F,F,M,D?,- -,- -,- -,- -,- -,- -,- -,- -,- -,- -,- -
Opuntia joconostle,Cactaceae,Xoconochtle,F,F,M,DD,- -,- -,- -,- -,- -,- -,- -,- -,- -,- -,- -
Opuntia lasiacantha,Cactaceae,Nopal de Cerro,F,F,M,DD,- -,- -,- -,- -,- -,- -,- -,- -,- -,-20.01,- -
Opuntia leptocaulis,Cactaceae,.,F,F,M,D?,- -,- -,- -,- -,- -,- -,- -,- -,- -,17.43,- -
Opuntia leucotricha,Cactaceae,.,F,F,M,D?,- -,- -,- -,- -,- -,- -,- -,- -,- -,-1.87,- -
Opuntia megacantha,Cactaceae,Nopal de castilla,F,F,M,D?,- -,- -,- -,- -,- -,- -,- -,- -,- -,- -,- -
Opuntia nerpicolor,Cactaceae,.,F,F,M,D?,- -,- -,- -,- -,- -,- -,- -,- -,- -,- -,- -
Opuntia pilifera,Cactaceae,.,F,F,M,D?,- -,- -,- -,- -,- -,- -,- -,- -,- -,- -,- -
Opuntia robusta,Cactaceae,Nopal camueso,F,F,M,DD,- -,- -,- -,- -,- -,- -,- -,- -,- -,- -,- -
Opuntia spinulifera,Cactaceae,.,F,F,M,D?,- -,- -,- -,- -,- -,- -,- -,- -,- -,- -,- -
Opuntia streptacantha,Cactaceae,Tecolonochtli,F,F,M,DD,74,74,771,"2,437,242",10.49,"3,161.39",- -,- -,"33,160",- -,- -
Opuntia tehuantepecana,Cactaceae,.,F,F,M,D?,- -,- -,- -,- -,- -,- -,- -,- -,- -,- -,- -
Opuntia tomentosa,Cactaceae,Nopal de san gabriel,F,F,M,D?,- -,- -,- -,- -,- -,- -,- -,- -,- -,- -,- -
Opuntia undulata,Cactaceae,.,F,F,M,D?,- -,- -,- -,- -,- -,- -,- -,- -,- -,- -,- -
Opuntia velutina,Cactaceae,.,F,F,M,D?,- -,- -,- -,- -,- -,- -,- -,- -,- -,- -,- -
Origanum majorana,Lamiaceae,Amaraco,H,K,M,I?,- -,- -,- -,- -,- -,- -,- -,- -,- -,- -,- -
Origanum vulgare,Lamiaceae,Oregano,H,K,P,I?,79,78,166,"1,596,088",2.12,"9,635.88",- -,- -,"20,463",- -,- -
Oryza sativa,Poaceae,Arroz,S,C,G,DN,"50,204","41,748","216,676","688,206,980",5.19,"3,176.20","35,440,619",0,"16,485",- -,- -
Pachycereus grandis,Cactaceae,Cardón,F,F,M,D?,- -,- -,- -,- -,- -,- -,- -,- -,- -,- -,- -
Pachycereus hollianus,Cactaceae,Baboso,F,F,M,DD,- -,- -,- -,- -,- -,- -,- -,- -,- -,- -,- -
Pachycereus pecten-aboriginum,Cactaceae,Cardón,F,F,M,DD,- -,- -,- -,- -,- -,- -,- -,- -,- -,- -,- -
Pachycereus weberi,Cactaceae,Cardón,F,F,M,DD,- -,- -,- -,- -,- -,- -,- -,- -,- -,- -,- -
Pachyrhizus erosus,Fabaceae,"Jícama, ahipa, jiquima",R,F,G,I?,"6,803","6,722","184,271","494,606,543",27.42,"2,684.12",- -,- -,"73,586",- -,- -
Panicum sonorum,Poaceae,Sauhui,S,C,M,DN,- -,- -,- -,- -,- -,- -,- -,- -,- -,- -,- -
Parmentiera edulis,Bignoniaceae,Caujilote,F,F,M,DD,- -,- -,- -,- -,- -,- -,- -,- -,- -,- -,- -
Passiflora edulis,Passifloraceae,Maracuyá,F,F,P,DD,64,63,499,"1,554,068",7.93,"3,112.74",- -,"1,554,068","24,668",- -,- -
Passiflora ligularis,Passifloraceae,"Granada china, granadilla",F,F,P,D?,307,223,"1,282","9,378,785",5.76,"7,315.97",- -,- -,"42,152",- -,- -
Pereskiopsis aquosa,Cactaceae,"Tuna de agua, patilón",F,F,M,DD,- -,- -,- -,- -,- -,- -,- -,- -,- -,- -,- -
Persea americana,Lauraceae,Aguacate,F,F,G,DD,"134,322","123,404","1,107,135","14,165,758,094",8.97,"12,794.97","9,088,038,994","11,332,606,475","114,792",-34.19,"131,971"
Persea schiedeana,Lauraceae,"Chinene, coyo",F,F,M,DD,- -,- -,- -,- -,- -,- -,- -,- -,- -,- -,- -
Petroselinum crispum,Apiaceae,Perejil,H,V,P,ID,264,264,"3,445","32,395,813",13.05,"9,404.59",- -,"20,057,408","122,711",-57.52,379
Phaseolus acutifolius,Fabaceae,"Tépari, escomite",S,L,M,DD,- -,- -,- -,- -,- -,- -,- -,- -,- -,37.78,- -
Phaseolus coccineus,Fabaceae,"Frijol, ayocote, patol, botil",S,L,M,DD,- -,- -,- -,- -,- -,- -,- -,- -,- -,-37.86,- -
Phaseolus dumosus,Fabaceae,Frijol,S,L,M,DD,- -,- -,- -,- -,- -,- -,- -,- -,- -,-59.76,- -
Phaseolus lunatus,Fabaceae,Frijol de media luna,S,L,M,DD,- -,- -,- -,- -,- -,- -,- -,- -,- -,-0.59,- -
Phaseolus vulgaris (ejote),Fabaceae,Ejote,F,L,G,DD,"9,405","8,928","84,393","502,489,553",9.45,"5,954.13",- -,"25,124,478","56,280",-6.65,"14,198"
Phaseolus vulgaris (frijol),Fabaceae,Frijol,S,L,G,DD,"1,887,177","1,630,225","1,156,257","10,160,359,162",0.71,"8,787.28","571,567,752","508,017,958","6,232",-6.65,"1,203,309"
Phoenix dactylifera,Arecaceae,Datil,F,F,P,DN,"1,137",662,"4,151","174,069,860",6.27,"41,936.36",- -,0,"262,846",- -,- -
Physalis philadelphica,Solanaceae,Tomate verde,F,V,G,DD,"48,475","46,197","719,849","2,532,464,288",15.58,"3,518.05",- -,- -,"54,819",-24.76,"87,809"
Pimpinella anisum,Apiaceae,Anis,S,K,P,DD,342,334,397,"8,714,700",1.19,"21,935.91",- -,- -,"26,092",- -,- -
Pinus lambertiana,Pinaceae,Piñón,S,N,P,DN,584,584,456,"40,004,400",0.78,"87,705.87",- -,0,"68,517",- -,- -
Piper nigrum,Piperaceae,Pimienta,F,K,G,DN,"2,655","2,490","3,641","53,799,029",1.46,"14,777.15",- -,0,"21,606",- -,- -
Piper sanctum,Piperaceae,Hoja santa,H,V,M,I?,- -,- -,- -,- -,- -,- -,- -,- -,- -,- -,- -
Pistacia vera,Anacardiaceae,"Pistache, alfónsigo",S,N,P,DN,223,143,71,"5,950,550",0.49,"84,237.68",- -,0,"41,493",- -,- -
Pisum sativum,Fabaceae,Chícharo,S,L,G,DN,"10,702","10,529","52,043","316,451,246",4.94,"6,080.53",- -,0,"30,055",-42.60,"1,987"
Pithecellobium dulce,Fabaceae,Guamuchil,S,F,P,DD,10,10,52,"313,500",5.50,"6,000.00",- -,- -,"33,000",58.14,15
Polaskia chende,Cactaceae,Chende,F,F,M,DD,- -,- -,- -,- -,- -,- -,- -,- -,- -,-24.68,- -
Polaskia chichipe,Cactaceae,Chichipe,F,F,M,DD,- -,- -,- -,- -,- -,- -,- -,- -,- -,-18.33,- -
Porophyllum linaria,Asteraceae,Papalo,H,K,P,I?,566,566,"7,459","17,545,924",13.18,"2,352.44",- -,- -,"31,000",-46.83,649
Porophyllum ruderale,Asteraceae,Pipicha,H,K,P,I?,59,59,208,"506,131",3.52,"2,435.31",- -,- -,"8,578",0.35,108
Portulaca oleracea,Portulacaceae,"Verdolaga, verdolaja",H,V,P,I?,431,429,"5,601","20,404,695",13.07,"3,643.08",- -,- -,"47,619",3.56,"1,735"
Pouteria campechiana,Sapotaceae,"Zapote amarillo, canistel",F,F,P,D?,5,5,21,"41,000",4.10,"2,000.00",- -,- -,"8,200",-51.20,4
Pouteria hypoglauca,Sapotaceae,"Zapote blanco, amarillo",F,F,M,D?,- -,- -,- -,- -,- -,- -,- -,- -,- -,- -,- -
Pouteria sapota,Sapotaceae,"Mamey, zapote colorado",F,F,G,DD,"1,512","1,281","15,477","76,379,892",12.08,"4,935.11",- -,- -,"59,619",-78.52,0
Prunus armeniaca,Rosaceae,"Chabacano, damasco",F,F,P,DD,374,331,"1,291","9,235,197",3.91,"7,155.18",- -,"6,002,878","27,941",- -,- -
Prunus cerasus,Rosaceae,Cereza,F,F,P,DD,19,12,6,"150,000",0.50,"25,000.00",- -,"97,500","12,500",- -,- -
Prunus domestica,Rosaceae,Ciruela de almendra,F,F,P,DD,677,656,"3,752","11,787,190",5.72,"3,141.41",- -,"7,661,674","17,982",- -,- -
Prunus dulcis,Rosaceae,Almendra,S,N,P,DD,57,38,82,"514,000",2.16,"6,268.29",- -,- -,"13,526",- -,- -
Prunus persica,Rosaceae,"Durazno, nectarina",F,F,G,DD,"44,721","41,648","227,422","1,528,695,856",5.46,"6,721.86","12,742,088","222,486,251","36,705",-47.58,"33,292"
Prunus serotina,Rosaceae,Capulín,F,F,P,DD,127,126,442,"1,832,707",3.51,"4,143.21",- -,- -,"14,522",-56.55,0
Psidium guajava,Myrtaceae,Guayaba,F,F,G,DD,"22,576","22,247","305,228","1,145,600,374",13.72,"3,753.26","129,831,730","286,400,094","51,495",-26.52,"27,789"
Psidium sartorianum,Myrtaceae,Guayabilla,F,F,M,DD,- -,- -,- -,- -,- -,- -,- -,- -,- -,-47.01,- -
Punica granatum,Punicaceae,Granada roja,F,F,P,DD,382,372,"3,087","20,818,390",8.31,"6,743.02",- -,"5,204,598","56,039",-13.04,0
Pyrus communis,Rosaceae,Pera,F,F,G,DD,"4,218","3,986","24,980","77,799,120",6.27,"3,114.47",- -,"52,395,326","19,517",- -,- -
Pyrus malus,Rosaceae,Perón,F,F,P,D?,303,302,"3,238","10,430,859",10.71,"3,221.29",- -,- -,"34,505",- -,- -
Raphanus sativus,Brassicaceae,"Rábano, rabanito, daikon",R,R,G,ID,"2,631","2,625","25,807","89,503,269",9.83,"3,468.12",- -,- -,"34,100",-58.61,"2,761"
Rhipsalis baccifera,Cactaceae,Disciplinilla,F,F,M,DD,- -,- -,- -,- -,- -,- -,- -,- -,- -,- -,- -
Ricinus communis,Euphorbiacae,Higuerilla,S,A,P,DN,8,7,4,"8,450",0.62,"2,112.50",- -,0,"1,300",14.30,"1,936"
Rosmarinus officinalis,Lamiaceae,Romero,H,K,P,I?,53,53,373,"1,752,270",7.10,"4,699.66",- -,- -,"33,377",-25.14,165
Rubus fruticosus,Rosaceae,"Zarzamora, zarza, mora",F,F,G,DD,"8,188","6,392","61,558","1,428,620,285",9.63,"23,207.89",- -,"928,603,185","223,501",- -,- -
Rubus idaeus,Rosaceae,Frambuesa,F,F,P,DD,"1,217",895,"14,344","662,237,423",16.04,"46,168.86",- -,"322,628,488","740,327",- -,- -
Rubus liebmannii,Rosaceae,Zarzamora,F,F,M,DD,- -,- -,- -,- -,- -,- -,- -,- -,- -,-75.28,- -
Saccharum officinarum (azucar),Poaceae,Caña de azúcar,T,S,G,IN,"734,819","703,943","50,421,620","31,250,469,380",71.63,619.78,"17,877,069,783",0,"44,393",-62.77,"362,203"
Saccharum officinarum (fruta),Poaceae,Caña (fruta),T,S,G,IN,"2,027","1,993","132,659","179,081,805",66.56,"1,349.95",- -,0,"89,846",-62.77,"1,775"
Salvia hispanica,Lamiaceae,Chia,S,B,G,DD,"2,329","2,329","2,914","57,240,000",1.25,"19,646.47",- -,- -,"24,577",-45.20,"1,477"
Salvia officinalis,Lamiaceae,Salvia,H,K,P,I?,21,21,64,"1,310,500",3.02,"20,637.80",- -,- -,"62,405",- -,- -
Sambucus mexicana,Caprifoliaceae,Sauco,F,F,M,DD,- -,- -,- -,- -,- -,- -,- -,- -,- -,-59.64,- -
Secale cereale,Poaceae,Centeno,S,C,P,DN,42,42,55,"148,509",1.31,"2,695.26",- -,0,"3,536",- -,- -
Sechium edule,Cucurbitaceae,"Chayote, gayota, huisquil",F,V,G,DD,"2,439","2,321","144,413","362,034,610",62.23,"2,506.95",- -,- -,"156,016",-59.64,"2,174"
Selenicereus grandiflorus,Cactaceae,Reina de la noche,F,F,M,DD,- -,- -,- -,- -,- -,- -,- -,- -,- -,-17.45,- -
Sesamum indicum,Pedaliaceae,Ajonjolí,S,A,G,DD,"82,813","70,504","37,289","444,105,766",0.53,"11,909.91",- -,"111,026,442","6,299",49.96,0
Sideroxylon palmeri,Sapotaceae,Tempesquistle,F,F,M,DD,- -,- -,- -,- -,- -,- -,- -,- -,- -,157.28,- -
Simmondsia chinensis,Buxaceae,Jojoba,S,A,P,DN,310,310,93,"1,767,000",0.30,"19,000.00",- -,0,"5,700",13.60,0
Sinapis alba,Brassicaceae,Mostaza,S,A,P,DD,10,10,19,"399,000",1.90,"21,000.00",- -,"99,750","39,900",- -,- -
Solanum melongena,Solanaceae,Berenjena,F,V,G,DD,"1,121","1,091","62,447","382,919,841",57.27,"6,131.90",- -,"95,729,960","351,142",- -,- -
Solanum tuberosum,Solanaceae,Papa,U,R,G,ID,"55,646","55,359","1,536,617","11,622,047,959",27.76,"7,563.40","10,623,363",- -,"209,941",-52.39,"18,172"
Spinacia oleracea,Chenopodiaceae,Espinaca,H,V,G,IN,"1,181","1,179","14,308","69,817,872",12.14,"4,879.51",- -,0,"59,224",- -,- -
Spondias mombin,Anacardiaceae,"Ciruela, jobo, chupandilla",F,F,M,DD,- -,- -,- -,- -,- -,- -,- -,- -,- -,-40.16,- -
Spondias purpurea,Anacardiaceae,Ciruela del país,F,F,G,DD,"14,247","13,964","64,683","204,118,537",4.63,"3,155.69",- -,- -,"14,618",-17.15,"19,956"
Stenocereus beneckei,Cactaceae,Pitaya,F,F,M,D?,- -,- -,- -,- -,- -,- -,- -,- -,- -,109.41,- -
Stenocereus chacalapensis,Cactaceae,Pitaya,F,F,M,D?,- -,- -,- -,- -,- -,- -,- -,- -,- -,- -,- -
Stenocereus chrysocarpus,Cactaceae,.,F,F,M,D?,- -,- -,- -,- -,- -,- -,- -,- -,- -,19.81,- -
Stenocereus eichlamii,Cactaceae,.,F,F,M,D?,- -,- -,- -,- -,- -,- -,- -,- -,- -,- -,- -
Stenocereus fricii,Cactaceae,Pitire,F,F,M,DD,- -,- -,- -,- -,- -,- -,- -,- -,- -,- -,- -
Stenocereus griseus,Cactaceae,Pitaya criolla,F,F,G,DD,41,37,230,"2,770,940",6.22,"12,042.33",- -,- -,"74,890",53.00,"6,663"
Stenocereus montanus,Cactaceae,.,F,F,M,D?,- -,- -,- -,- -,- -,- -,- -,- -,- -,27.75,- -
Stenocereus pruinosus,Cactaceae,Pitaya de mayo,F,F,P,D?,166,154,"1,064","9,242,705",6.91,"8,688.79",- -,- -,"60,018",51.42,629
Stenocereus queretaroensis,Cactaceae,Pitaya,F,F,M,DD,- -,- -,- -,- -,- -,- -,- -,- -,- -,0.12,- -
Stenocereus quevedonis,Cactaceae,Pitaya,F,F,M,D?,- -,- -,- -,- -,- -,- -,- -,- -,- -,161.64,- -
Stenocereus spinulosus,Cactaceae,Pitaya nocturna espinosa,F,F,M,DD,- -,- -,- -,- -,- -,- -,- -,- -,- -,- -,- -
Stenocereus standleyi,Cactaceae,Pitaya,F,F,M,D?,- -,- -,- -,- -,- -,- -,- -,- -,- -,336.76,- -
Stenocereus stellatus,Cactaceae,Pitaya,F,F,M,DD,- -,- -,- -,- -,- -,- -,- -,- -,- -,116.84,- -
Stenocereus thurberi,Cactaceae,.,F,F,M,DD,- -,- -,- -,- -,- -,- -,- -,- -,- -,-13.78,- -
Stenocereus treleasei,Cactaceae,.,F,F,M,D?,- -,- -,- -,- -,- -,- -,- -,- -,- -,- -,- -
Suaeda torreyana,Chenopodiaceae,Romerito,H,V,P,I?,787,688,"5,428","30,765,730",7.89,"5,668.24",- -,- -,"44,718",37.23,"2,728"
Syzygium aromaticum,Myrtaceae,"Clavo de olor, girofle",L,K,M,ID,- -,- -,- -,- -,- -,- -,- -,- -,- -,- -,- -
Tamarindus indica,Fabaceae,Tamarindo,F,F,G,DD,"8,580","7,152","37,821","182,652,110",5.29,"4,829.42",- -,"9,132,605","25,538",15.87,"4,385"
Theobroma angustifolium,Sterculiaceae,Cacao silvestre,S,E,M,D?,- -,- -,- -,- -,- -,- -,- -,- -,- -,- -,- -
Theobroma bicolor,Sterculiaceae,Pataxte,S,B,M,D?,- -,- -,- -,- -,- -,- -,- -,- -,- -,- -,- -
Theobroma cacao,Sterculiaceae,"Cacao, patashtle",S,B,G,DD,"61,344","61,187","27,174","1,018,299,709",0.44,"37,473.85","3,520,077,439","967,384,723","16,642",18.08,"87,419"
Thymus vulgaris,Lamiaceae,Tomillo,H,K,P,I?,25,25,89,"920,200",3.51,"10,397.74",- -,- -,"36,444",- -,- -
Triticum aestivum,Poaceae,Trigo,S,C,G,DN,"700,585","678,553","3,676,707","9,909,417,519",5.42,"2,695.19",- -,0,"14,604",1.09,"115,377"
Vaccinium sp.,Ericaceae,"Blueberry, arándano",F,F,P,DD,402,106,"1,059","20,729,900",9.99,"19,568.14",- -,"18,637,676","195,565",-49.90,0
Vanilla planifolia,Orchidaceae,Vainilla,F,K,P,DD,"1,329",997,395,"18,376,194",0.40,"46,517.30",- -,"18,376,194","18,425",-25.81,"1,720"
Vicia faba,Fabaceae,Haba verde,F,L,G,DD,"9,921","9,814","57,782","265,325,401",5.89,"4,591.84",- -,"184,167,043","27,036",-73.79,0
Vicia sp.,Fabaceae,Arvejón,S,L,G,DD,"2,077","2,052","1,970","9,628,254",0.96,"4,888.68",- -,- -,"4,693",-21.99,0
Vicia villosa,Fabaceae,"Ebo, janamargo, veza",F,L,G,DD,"8,959","8,637","115,483","81,799,733",13.37,708.33,- -,- -,"9,471",- -,- -
Vigna radiata,Fabaceae,"Shop suey, germinado",S,L,G,DD,"1,565","1,540",946,"5,857,350",0.61,"6,191.70",- -,"292,868","3,805",- -,- -
Vitis vinifera,Vitaceae,Uva,F,F,G,DN,"27,684","27,104","307,147","4,220,365,108",11.33,"13,740.55","2,067,200,542",0,"155,711",- -,- -
Xanthosoma sagittifolium,Araceae,"Malanga, ocumo",R,R,P,I?,294,247,"9,725","35,774,025",39.30,"3,678.62",- -,- -,"144,571",-38.88,- -
Yucca elephantipes,Agavaceae,"Yuca, izote",F,V,M,D?,- -,- -,- -,- -,- -,- -,- -,- -,- -,-29.21,- -
Zea mays (elote),Poaceae,Elote,S,C,G,DN,"56,325","54,394","627,092","1,144,425,996",11.53,"1,824.97",- -,0,"21,039",-21.25,"103,814"
Zea mays (maiz),Poaceae,Maiz,S,C,G,DN,"7,860,705","7,148,046","23,301,878","65,629,387,626",3.26,"2,816.48","3,907,705,480",0,"9,181",-21.25,"6,226,695"
Zingiber officinale,Zingiberacea,Jengibre,U,K,P,IN,37,37,11,"216,450",0.30,"19,500.00",- -,0,"5,850",- -,- -
